{"1": {"input": [1.0, -0.0031876564025878906, 1.4105234146118164, -0.3228853642940521, -0.01763184927403927, 0.0037004363257437944, 0.07313834130764008, 0.0, 0.0], "output": [-1.0, 0.0]}, "2": {"input": [1.0, -0.006375598721206188, 1.4095494747161865, -0.3224486708641052, -0.04330442473292351, 0.007314495742321014, 0.07228858768939972, 0.0, 0.0], "output": [-1.0, 0.0]}, "3": {"input": [1.0, -0.009563636966049671, 1.407975673675537, -0.32245999574661255, -0.06996585428714752, 0.010926436632871628, 0.0722455158829689, 0.0, 0.0], "output": [-1.0, 0.0]}, "4": {"input": [1.0, -0.012751865200698376, 1.4058020114898682, -0.32247063517570496, -0.09663806110620499, 0.014537923038005829, 0.07223658263683319, 0.0, 0.0], "output": [-1.0, 0.0]}, "5": {"input": [1.0, -0.015940189361572266, 1.4030283689498901, -0.32248133420944214, -0.12330739945173264, 0.018148863688111305, 0.07222526520490646, 0.0, 0.0], "output": [-1.0, 0.0]}, "6": {"input": [1.0, -0.01912870444357395, 1.3996551036834717, -0.32249200344085693, -0.14997658133506775, 0.02175922878086567, 0.0722138062119484, 0.0, 0.0], "output": [-1.0, 0.0]}, "7": {"input": [1.0, -0.022317219525575638, 1.3956818580627441, -0.32250267267227173, -0.17664578557014465, 0.025369029492139816, 0.07220262289047241, 0.0, 0.0], "output": [-1.0, 0.0]}, "8": {"input": [1.0, -0.025505924597382545, 1.3911086320877075, -0.32251328229904175, -0.20331509411334991, 0.028978265821933746, 0.07219129800796509, 0.0, 0.0], "output": [-1.0, 0.0]}, "9": {"input": [1.0, -0.028694724664092064, 1.3859357833862305, -0.322523832321167, -0.22998449206352234, 0.032586950808763504, 0.07218017429113388, 0.0, 0.0], "output": [-1.0, 0.0]}, "10": {"input": [1.0, -0.03188361972570419, 1.3801629543304443, -0.32253438234329224, -0.25665393471717834, 0.03619507700204849, 0.07216908037662506, 0.0, 0.0], "output": [-1.0, 0.0]}, "11": {"input": [1.0, -0.03507261350750923, 1.3737902641296387, -0.3225448727607727, -0.2833234369754791, 0.03980265557765961, 0.07215811312198639, 0.0, 0.0], "output": [-1.0, 0.0]}, "12": {"input": [1.0, -0.03826170042157173, 1.3668177127838135, -0.3225553035736084, -0.30999305844306946, 0.043409693986177444, 0.0721471756696701, 0.0, 0.0], "output": [-1.0, 0.0]}, "13": {"input": [1.0, -0.04145088046789169, 1.3592453002929688, -0.3225657045841217, -0.33666276931762695, 0.047016166150569916, 0.07213617116212845, 0.0, 0.0], "output": [-1.0, 0.0]}, "14": {"input": [1.0, -0.044640351086854935, 1.3510730266571045, -0.322576105594635, -0.3633325397968292, 0.050622109323740005, 0.0721253752708435, 0.0, 0.0], "output": [-1.0, 0.0]}, "15": {"input": [1.0, -0.04782981798052788, 1.3423008918762207, -0.32258641719818115, -0.39000236988067627, 0.05422751232981682, 0.07211433351039886, 0.0, 0.0], "output": [-1.0, 0.0]}, "16": {"input": [1.0, -0.05101947858929634, 1.3329286575317383, -0.3225967288017273, -0.4166722595691681, 0.05783236026763916, 0.0721033588051796, 0.0, 0.0], "output": [-1.0, 0.0]}, "17": {"input": [1.0, -0.054209232330322266, 1.3229568004608154, -0.32260698080062866, -0.4433422386646271, 0.06143666431307793, 0.0720924511551857, 0.0, 0.0], "output": [-1.0, 0.0]}, "18": {"input": [1.0, -0.05739908292889595, 1.312384843826294, -0.32261714339256287, -0.47001227736473083, 0.06504042446613312, 0.07208158075809479, 0.0, 0.0], "output": [-1.0, 0.0]}, "19": {"input": [1.0, -0.0605890266597271, 1.301213264465332, -0.32262730598449707, -0.49668243527412415, 0.06864366680383682, 0.07207130640745163, 0.0, 0.0], "output": [-1.0, 0.0]}, "20": {"input": [1.0, -0.0637790709733963, 1.289441704750061, -0.3226374089717865, -0.5233526229858398, 0.07224638015031815, 0.07206062227487564, 0.0, 0.0], "output": [-1.0, 0.0]}, "21": {"input": [1.0, -0.06696920096874237, 1.2770702838897705, -0.32264745235443115, -0.5500229001045227, 0.07584861665964127, 0.07205113768577576, 0.0, 0.0], "output": [-1.0, 0.0]}, "22": {"input": [1.0, -0.07015953212976456, 1.264098882675171, -0.32265743613243103, -0.5766931772232056, 0.0794503390789032, 0.07204054296016693, 0.0, 0.0], "output": [-1.0, 0.0]}, "23": {"input": [1.0, -0.0733499526977539, 1.2505276203155518, -0.3226673901081085, -0.603363573551178, 0.08305155485868454, 0.07203089445829391, 0.0, 0.0], "output": [-1.0, 0.0]}, "24": {"input": [1.0, -0.07654047012329102, 1.236356496810913, -0.32267728447914124, -0.6300339102745056, 0.0866522416472435, 0.07202018797397614, 0.0, 0.0], "output": [-1.0, 0.0]}, "25": {"input": [1.0, -0.07973108440637589, 1.2215853929519653, -0.3226870894432068, -0.6567045450210571, 0.09025245159864426, 0.0720105767250061, 0.0, 0.0], "output": [-1.0, 0.0]}, "26": {"input": [1.0, -0.08292045444250107, 1.2061930894851685, -0.32256656885147095, -0.6843248605728149, 0.09385254979133606, 0.07200180739164352, 0.0, 0.0], "output": [-1.0, 0.0]}, "27": {"input": [1.0, -0.08610983192920685, 1.1902011632919312, -0.3225663900375366, -0.7109925746917725, 0.09745264798402786, 0.07200182974338531, 0.0, 0.0], "output": [-1.0, 0.0]}, "28": {"input": [1.0, -0.08929929882287979, 1.1736092567443848, -0.3225662112236023, -0.73766028881073, 0.10105276107788086, 0.07200180739164352, 0.0, 0.0], "output": [-1.0, 0.0]}, "29": {"input": [1.0, -0.09248857200145721, 1.1564174890518188, -0.32256606221199036, -0.7643280029296875, 0.10465284436941147, 0.07200178503990173, 0.0, 0.0], "output": [-1.0, 0.0]}, "30": {"input": [1.0, -0.095677949488163, 1.1386258602142334, -0.32256588339805603, -0.790995717048645, 0.10825292766094208, 0.0720016211271286, 0.0, 0.0], "output": [-1.0, 0.0]}, "31": {"input": [1.0, -0.09886731952428818, 1.120234489440918, -0.3225657343864441, -0.8176634311676025, 0.11185301095247269, 0.07200164347887039, 0.0, 0.0], "output": [-1.0, 0.0]}, "32": {"input": [1.0, -0.10205669701099396, 1.101243257522583, -0.32256555557250977, -0.8443311452865601, 0.1154530793428421, 0.07200153172016144, 0.0, 0.0], "output": [-1.0, 0.0]}, "33": {"input": [1.0, -0.10524606704711914, 1.0816521644592285, -0.32256537675857544, -0.8709989190101624, 0.11905314028263092, 0.07200158387422562, 0.0, 0.0], "output": [-1.0, 0.0]}, "34": {"input": [1.0, -0.10843543708324432, 1.0614612102508545, -0.3225651979446411, -0.8976665735244751, 0.12265320122241974, 0.07200151681900024, 0.0, 0.0], "output": [-1.0, 0.0]}, "35": {"input": [1.0, -0.11162491142749786, 1.0406705141067505, -0.3225650191307068, -0.9243343472480774, 0.12625327706336975, 0.07200144231319427, 0.0, 0.0], "output": [-1.0, 0.0]}, "36": {"input": [1.0, -0.1148143783211708, 1.019279956817627, -0.32256484031677246, -0.9510020017623901, 0.12985332310199738, 0.07200126349925995, 0.0, 0.0], "output": [-1.0, 0.0]}, "37": {"input": [1.0, -0.11800384521484375, 0.9972895383834839, -0.32256463170051575, -0.9776697754859924, 0.1334533840417862, 0.07200121879577637, 0.0, 0.0], "output": [-1.0, 0.0]}, "38": {"input": [1.0, -0.1211933121085167, 0.9746993184089661, -0.32256442308425903, -1.0043375492095947, 0.13705343008041382, 0.07200117409229279, 0.0, 0.0], "output": [-1.0, 0.0]}, "39": {"input": [1.0, -0.12438277900218964, 0.9515092968940735, -0.3225642442703247, -1.0310052633285522, 0.14065349102020264, 0.07200111448764801, 0.0, 0.0], "output": [-1.0, 0.0]}, "40": {"input": [1.0, -0.12757225334644318, 0.9277192950248718, -0.322564035654068, -1.0576729774475098, 0.14425355195999146, 0.07200100272893906, 0.0, 0.0], "output": [-1.0, 0.0]}, "41": {"input": [1.0, -0.13076181709766388, 0.9033296704292297, -0.3225637972354889, -1.0843408107757568, 0.14785361289978027, 0.07200093567371368, 0.0, 0.0], "output": [-1.0, 0.0]}, "42": {"input": [1.0, -0.13395138084888458, 0.8783400654792786, -0.3225635588169098, -1.1110085248947144, 0.1514536589384079, 0.07200094312429428, 0.0, 0.0], "output": [-1.0, 0.0]}, "43": {"input": [1.0, -0.13714094460010529, 0.8527506589889526, -0.3225632905960083, -1.1376762390136719, 0.15505369007587433, 0.0720008835196495, 0.0, 0.0], "output": [-1.0, 0.0]},