{"1": {"input": [1.0, -0.004041194915771484, 1.4028877019882202, -0.40933266282081604, -0.357003390789032, 0.004689403809607029, 0.0927199050784111, 0.0, 0.0], "output": [-0.053592026233673096, -0.22312748432159424]}, "2": {"input": [1.0, -0.008082675747573376, 1.394278645515442, -0.4087792932987213, -0.38264504075050354, 0.009270979091525078, 0.09164059907197952, 0.0, 0.0], "output": [-0.053592026233673096, -0.22312748432159424]}, "3": {"input": [1.0, -0.012124347500503063, 1.3850693702697754, -0.4087933897972107, -0.4093383550643921, 0.01384992990642786, 0.09158743917942047, 0.0, 0.0], "output": [-0.053592026233673096, -0.22312748432159424]}, "4": {"input": [1.0, -0.016166210174560547, 1.3752602338790894, -0.4088068902492523, -0.4360121786594391, 0.018428320065140724, 0.0915759727358818, 0.0, 0.0], "output": [-0.053592026233673096, -0.22312748432159424]}, "5": {"input": [1.0, -0.020208071917295456, 1.3648512363433838, -0.40882033109664917, -0.4626825451850891, 0.023005984723567963, 0.09156156331300735, 0.0, 0.0], "output": [-0.053592026233673096, -0.22312748432159424]}, "6": {"input": [1.0, -0.024250125512480736, 1.3538426160812378, -0.4088338315486908, -0.48935216665267944, 0.02758290246129036, 0.0915469154715538, 0.0, 0.0], "output": [-0.053592026233673096, -0.22312748432159424]}, "7": {"input": [1.0, -0.028292369097471237, 1.3422343730926514, -0.4088473320007324, -0.5160220265388489, 0.03215913102030754, 0.09153306484222412, 0.0, 0.0], "output": [-0.053592026233673096, -0.22312748432159424]}, "8": {"input": [1.0, -0.03233480453491211, 1.3300260305404663, -0.4088607728481293, -0.5426919460296631, 0.036734689027071, 0.09151945263147354, 0.0, 0.0], "output": [-0.053592026233673096, -0.22312748432159424]}, "9": {"input": [1.0, -0.03637733310461044, 1.3172180652618408, -0.40887412428855896, -0.5693619251251221, 0.04130956530570984, 0.09150581061840057, 0.0, 0.0], "output": [-0.053592026233673096, -0.22312748432159424]}, "10": {"input": [1.0, -0.0404200553894043, 1.303810477256775, -0.40888744592666626, -0.5960320234298706, 0.045883771032094955, 0.0914921909570694, 0.0, 0.0], "output": [-0.053592026233673096, -0.22312748432159424]}, "11": {"input": [1.0, -0.04446277767419815, 1.2898029088974, -0.4089006781578064, -0.6227022409439087, 0.05045728385448456, 0.09147864580154419, 0.0, 0.0], "output": [-0.053592026233673096, -0.22312748432159424]}, "12": {"input": [1.0, -0.04850578308105469, 1.275195837020874, -0.40891385078430176, -0.6493724584579468, 0.05503012239933014, 0.09146520495414734, 0.0, 0.0], "output": [-0.053592026233673096, -0.22312748432159424]}, "13": {"input": [1.0, -0.052548885345458984, 1.259988784790039, -0.4089270234107971, -0.6760428547859192, 0.059602320194244385, 0.09145211428403854, 0.0, 0.0], "output": [-0.053592026233673096, -0.22312748432159424]}, "14": {"input": [1.0, -0.0565921775996685, 1.2441821098327637, -0.4089401364326477, -0.7027133107185364, 0.06417380273342133, 0.09143801033496857, 0.0, 0.0], "output": [-0.053592026233673096, -0.22312748432159424]}, "15": {"input": [1.0, -0.06063556671142578, 1.2277756929397583, -0.4089531898498535, -0.7293840050697327, 0.06874463707208633, 0.0914248675107956, 0.0, 0.0], "output": [-0.053592026233673096, -0.22312748432159424]}, "16": {"input": [1.0, -0.06467914581298828, 1.2107692956924438, -0.40896621346473694, -0.7560546398162842, 0.07331476360559464, 0.0914108082652092, 0.0, 0.0], "output": [-0.053592026233673096, -0.22312748432159424]}, "17": {"input": [1.0, -0.0687229186296463, 1.193163275718689, -0.4089791774749756, -0.7827253937721252, 0.0778842568397522, 0.09139787405729294, 0.0, 0.0], "output": [-0.053592026233673096, -0.22312748432159424]}, "18": {"input": [1.0, -0.07276678085327148, 1.174957513809204, -0.40899205207824707, -0.8093962073326111, 0.08245304226875305, 0.09138394892215729, 0.0, 0.0], "output": [-0.053592026233673096, -0.22312748432159424]}, "19": {"input": [1.0, -0.07681083679199219, 1.1561517715454102, -0.4090048372745514, -0.836067259311676, 0.08702117204666138, 0.09137097746133804, 0.0, 0.0], "output": [-0.053592026233673096, -0.22312748432159424]}, "20": {"input": [1.0, -0.08085498958826065, 1.1367464065551758, -0.40901756286621094, -0.862738311290741, 0.09158863127231598, 0.09135715663433075, 0.0, 0.0], "output": [-0.053592026233673096, -0.22312748432159424]}, "21": {"input": [1.0, -0.08489932864904404, 1.1167410612106323, -0.4090302586555481, -0.8894094228744507, 0.09615544229745865, 0.09134432673454285, 0.0, 0.0], "output": [-0.053592026233673096, -0.22312748432159424]}, "22": {"input": [1.0, -0.08894386142492294, 1.0961360931396484, -0.4090428352355957, -0.91608065366745, 0.1007215604186058, 0.09133057296276093, 0.0, 0.0], "output": [-0.053592026233673096, -0.22312748432159424]}, "23": {"input": [1.0, -0.09298849105834961, 1.0749313831329346, -0.40905532240867615, -0.9427520632743835, 0.10528706014156342, 0.09131786227226257, 0.0, 0.0], "output": [-0.053592026233673096, -0.22312748432159424]}, "24": {"input": [1.0, -0.0970333069562912, 1.0531268119812012, -0.4090677797794342, -0.9694234728813171, 0.10985187441110611, 0.09130421280860901, 0.0, 0.0], "output": [-0.053592026233673096, -0.22312748432159424]}, "25": {"input": [1.0, -0.10107822716236115, 1.0307223796844482, -0.4090801775455475, -0.9960949420928955, 0.11441607028245926, 0.09129176288843155, 0.0, 0.0], "output": [-0.053592026233673096, -0.22312748432159424]}, "26": {"input": [1.0, -0.10512161254882812, 1.0076971054077148, -0.4089272916316986, -1.0237138271331787, 0.11898009479045868, 0.09128046780824661, 0.0, 0.0], "output": [-0.053592026233673096, -0.22312748432159424]}, "27": {"input": [1.0, -0.10916490852832794, 0.9840717315673828, -0.4089270234107971, -1.0503822565078735, 0.1235441118478775, 0.09128029644489288, 0.0, 0.0], "output": [-0.053592026233673096, -0.22312748432159424]}, "28": {"input": [1.0, -0.11320829391479492, 0.9598469138145447, -0.40892672538757324, -1.0770505666732788, 0.12810814380645752, 0.09128022193908691, 0.0, 0.0], "output": [-0.053592026233673096, -0.22312748432159424]}, "29": {"input": [1.0, -0.11725177615880966, 0.935022234916687, -0.408926397562027, -1.1037189960479736, 0.13267216086387634, 0.09128036350011826, 0.0, 0.0], "output": [-0.053592026233673096, -0.22312748432159424]}, "30": {"input": [1.0, -0.12129516899585724, 0.9095977544784546, -0.4089260697364807, -1.1303874254226685, 0.13723617792129517, 0.09128032624721527, 0.0, 0.0], "output": [-0.053592026233673096, -0.22312748432159424]}, "31": {"input": [1.0, -0.12533864378929138, 0.8835737109184265, -0.4089256823062897, -1.1570557355880737, 0.1418001800775528, 0.09128011018037796, 0.0, 0.0], "output": [-0.053592026233673096, -0.22312748432159424]}, "32": {"input": [1.0, -0.12938213348388672, 0.8569499254226685, -0.40892529487609863, -1.1837241649627686, 0.14636416733264923, 0.09127984941005707, 0.0, 0.0], "output": [-0.053592026233673096, -0.22312748432159424]}, "33": {"input": [1.0, -0.13342571258544922, 0.8297262787818909, -0.4089249074459076, -1.2103925943374634, 0.15092816948890686, 0.09127981215715408, 0.0, 0.0], "output": [-0.053592026233673096, -0.22312748432159424]}, "34": {"input": [1.0, -0.13746929168701172, 0.8019029498100281, -0.40892452001571655, -1.2370610237121582, 0.1554921567440033, 0.09127967804670334, 0.0, 0.0], "output": [-0.053592026233673096, -0.22312748432159424]}, "35": {"input": [1.0, -0.14151287078857422, 0.7734799981117249, -0.4089241623878479, -1.263729214668274, 0.16005612909793854, 0.0912795290350914, 0.0, 0.0], "output": [-0.053592026233673096, -0.22312748432159424]}, "36": {"input": [1.0, -0.14555653929710388, 0.7444573640823364, -0.4089236855506897, -1.2903976440429688, 0.16462010145187378, 0.09127941727638245, 0.0, 0.0], "output": [-0.053592026233673096, -0.22312748432159424]}, "37": {"input": [1.0, -0.14960011839866638, 0.7148347496986389, -0.4089232087135315, -1.3170660734176636, 0.16918407380580902, 0.09127932786941528, 0.0, 0.0],