{"1": {"input": [1.0, 0.006204414181411266, 1.4041236639022827, 0.6284223198890686, -0.3020718991756439, -0.00718254828825593, -0.14234694838523865, 0.0, 0.0], "output": [0.9141558408737183, -0.9903278350830078]}, "2": {"input": [1.0, 0.012377643957734108, 1.3976078033447266, 0.6223807334899902, -0.2896308898925781, -0.01218145526945591, -0.09998718649148941, 0.0, 0.0], "output": [0.7969985008239746, -0.9904509782791138]}, "3": {"input": [1.0, 0.018566418439149857, 1.391550064086914, 0.6218070387840271, -0.2692634165287018, -0.015080047771334648, -0.057977378368377686, 0.0, 0.0], "output": [0.5595827102661133, -0.9907491207122803]}, "4": {"input": [1.0, 0.024561023339629173, 1.3853557109832764, 0.6005607843399048, -0.2753194272518158, -0.016163891181349754, -0.021678801625967026, 0.0, 0.0], "output": [0.2320932149887085, -0.9891168475151062]}, "5": {"input": [1.0, 0.03054637834429741, 1.3794158697128296, 0.5976322889328003, -0.2639782130718231, -0.015267221257090569, 0.017935026437044144, 0.0, 0.0], "output": [-0.19311988353729248, -0.98872309923172]}, "6": {"input": [1.0, 0.03646554797887802, 1.3728848695755005, 0.5893150568008423, -0.29024237394332886, -0.01270201150327921, 0.05130887031555176, 0.0, 0.0], "output": [-0.507611870765686, -0.9875229597091675]}, "7": {"input": [1.0, 0.04232034832239151, 1.3657615184783936, 0.5812538862228394, -0.31656625866889954, -0.00852124486118555, 0.08362317085266113, 0.0, 0.0], "output": [-0.7220357656478882, -0.9859429597854614]}, "8": {"input": [1.0, 0.04809226840734482, 1.3580513000488281, 0.570858359336853, -0.34265071153640747, -0.0022578106727451086, 0.12528029084205627, 0.0, 0.0], "output": [-0.8778101801872253, -0.9834287166595459]}, "9": {"input": [1.0, 0.05378303676843643, 1.3497306108474731, 0.560674786567688, -0.36982429027557373, 0.006041467189788818, 0.16600075364112854, 0.0, 0.0], "output": [-0.9478508830070496, -0.9800000190734863]}, "10": {"input": [1.0, 0.05939130857586861, 1.3408119678497314, 0.5503551363945007, -0.3964550197124481, 0.016402631998062134, 0.20724256336688995, 0.0, 0.0], "output": [-0.9784529805183411, -0.975213348865509]}, "11": {"input": [1.0, 0.06492672115564346, 1.3312920331954956, 0.5412070155143738, -0.4232867360115051, 0.02858983911573887, 0.24376650154590607, 0.0, 0.0], "output": [-0.9902271628379822, -0.9688932299613953]}, "12": {"input": [1.0, 0.0703946128487587, 1.3211766481399536, 0.5327876210212708, -0.44990140199661255, 0.042453620582818985, 0.2773009240627289, 0.0, 0.0], "output": [-0.9952848553657532, -0.9604106545448303]}, "13": {"input": [1.0, 0.07579784095287323, 1.3104666471481323, 0.5246784090995789, -0.4765169024467468, 0.05792935565114021, 0.30954286456108093, 0.0, 0.0], "output": [-0.9976631999015808, -0.9487934708595276]}, "14": {"input": [1.0, 0.0811089500784874, 1.2991456985473633, 0.5131657123565674, -0.5039392709732056, 0.07571323961019516, 0.3557104468345642, 0.0, 0.0], "output": [-0.9991455674171448, -0.9301028847694397]}, "15": {"input": [1.0, 0.08635444939136505, 1.2872202396392822, 0.5049694776535034, -0.5311235785484314, 0.09513524919748306, 0.38847577571868896, 0.0, 0.0], "output": [-0.9995817542076111, -0.9055476784706116]}, "16": {"input": [1.0, 0.09153623878955841, 1.2747007608413696, 0.4970645308494568, -0.5579054355621338, 0.1161230206489563, 0.41979366540908813, 0.0, 0.0], "output": [-0.999788761138916, -0.8708510994911194]}, "17": {"input": [1.0, 0.09663677215576172, 1.2615809440612793, 0.4869723916053772, -0.5850619673728943, 0.1391243040561676, 0.4600679874420166, 0.0, 0.0], "output": [-0.9999122023582458, -0.8174644708633423]}, "18": {"input": [1.0, 0.10167264938354492, 1.2478560209274292, 0.47897395491600037, -0.612481415271759, 0.16373324394226074, 0.4922238886356354, 0.0, 0.0], "output": [-0.999956488609314, -0.744374692440033]}, "19": {"input": [1.0, 0.10663938522338867, 1.2335307598114014, 0.4704565405845642, -0.6397741436958313, 0.19004450738430023, 0.5262733101844788, 0.0, 0.0], "output": [-0.9999792575836182, -0.6401263475418091]}, "20": {"input": [1.0, 0.11156491935253143, 1.21859610080719, 0.46546798944473267, -0.6674758195877075, 0.21738921105861664, 0.5469435453414917, 0.0, 0.0], "output": [-0.9999868273735046, -0.5114736557006836]}, "21": {"input": [1.0, 0.1164402961730957, 1.2030515670776367, 0.4593551754951477, -0.6952726244926453, 0.2459995001554489, 0.572257399559021, 0.0, 0.0], "output": [-0.9999924302101135, -0.3437812924385071]}, "22": {"input": [1.0, 0.12131299823522568, 1.1869173049926758, 0.4592973291873932, -0.7220175266265869, 0.27460360527038574, 0.5721338987350464, 0.0, 0.0], "output": [-0.9999923706054688, -0.17545437812805176]}, "23": {"input": [1.0, 0.12618283927440643, 1.1701931953430176, 0.4592437148094177, -0.7487637400627136, 0.3032021224498749, 0.5720216631889343, 0.0, 0.0], "output": [-0.9999923706054688, 0.0037435293197631836]}, "24": {"input": [1.0, 0.13104982674121857, 1.152878999710083, 0.45919400453567505, -0.7755117416381836, 0.33179476857185364, 0.5719047784805298, 0.0, 0.0], "output": [-0.9999923706054688, 0.18264973163604736]}, "25": {"input": [1.0, 0.13591346144676208, 1.134974718093872, 0.4591484069824219, -0.8022611737251282, 0.3603816032409668, 0.5717880725860596, 0.0, 0.0], "output": [-0.999992311000824, 0.35017895698547363]}, "26": {"input": [1.0, 0.14077921211719513, 1.1164600849151611, 0.45960885286331177, -0.8299053311347961, 0.3889651298522949, 0.5716702342033386, 0.0, 0.0], "output": [-0.999992311000824, 0.49634432792663574]}, "27": {"input": [1.0, 0.14564219117164612, 1.097355604171753, 0.45964616537094116, -0.8566357493400574, 0.4175470471382141, 0.5716391205787659, 0.0, 0.0], "output": [-0.999992311000824, 0.6199922561645508]}, "28": {"input": [1.0, 0.1505558043718338, 1.0776937007904053, 0.4664608836174011, -0.8814719319343567, 0.4445972144603729, 0.5410041809082031, 0.0, 0.0], "output": [-0.9999849796295166, 0.7001640796661377]}, "29": {"input": [1.0, 0.15551432967185974, 1.0574654340744019, 0.4724542200565338, -0.9066813588142395, 0.4703238606452942, 0.5145329236984253, 0.0, 0.0], "output": [-0.9999732375144958, 0.7638137340545654]}, "30": {"input": [1.0, 0.1605323851108551, 1.036686897277832, 0.480332612991333, -0.9309565424919128, 0.49423158168792725, 0.4781549870967865, 0.0, 0.0], "output": [-0.999940812587738, 0.8088303804397583]}, "31": {"input": [1.0, 0.16559019684791565, 1.0153541564941406, 0.48575887084007263, -0.9554811120033264, 0.5167959928512573, 0.4512878358364105, 0.0, 0.0], "output": [-0.9998937249183655, 0.8465050458908081]}, "32": {"input": [1.0, 0.17071190476417542, 0.9934882521629333, 0.49425196647644043, -0.9787531495094299, 0.5372454524040222, 0.4089897572994232, 0.0, 0.0], "output": [-0.9997326135635376, 0.8710938692092896]}, "33": {"input": [1.0, 0.17589978873729706, 0.9710873961448669, 0.5029504299163818, -1.0020021200180054, 0.5555357336997986, 0.36580562591552734, 0.0, 0.0], "output": [-0.9993143677711487, 0.8889708518981934]}, "34": {"input": [1.0, 0.18115654587745667, 0.9481515884399414, 0.5119156837463379, -1.025146245956421, 0.5715974569320679, 0.32123467326164246, 0.0, 0.0], "output": [-0.9981886744499207, 0.9016916751861572]}, "35": {"input": [1.0, 0.18646153807640076, 0.9246753454208374, 0.5183430314064026, -1.048680305480957, 0.585935115814209, 0.2867525815963745, 0.0, 0.0], "output": [-0.9961614608764648, 0.9129679203033447]}, "36": {"input": [1.0, 0.19182825088500977, 0.9006626009941101, 0.5263583064079285, -1.0718449354171753, 0.5982029438018799, 0.24535688757896423, 0.0, 0.0], "output": [-0.9905587434768677, 0.9200321435928345]}, "37": {"input": [1.0, 0.19725608825683594, 0.8761016130447388, 0.5341334342956543, -1.0955651998519897, 0.6085571646690369, 0.2070845365524292, 0.0, 0.0], "output": [-0.9783793687820435, 0.9249582290649414]}, "38": {"input": [1.0, 0.20273542404174805, 0.8509965538978577, 0.5408140420913696, -1.119114637374878, 0.6171400547027588, 0.1716580092906952, 0.0, 0.0],